{"cameraMode":{"drawMode":0,"name":"Shaded","section":"Shading Mode"},"sceneLighting":true,"audioPlay":false,"sceneViewState":{"showFog":true,"showMaterialUpdate":false,"showSkybox":true,"showFlares":true,"showImageEffects":true,"showParticleSystems":true,"showVisualEffectGraphs":true,"m_FxEnabled":true},"in2DMode":false,"pivot":{"x":-1.2236052751541138,"y":-8.618719100952149,"z":5.560695648193359},"rotation":{"x":-0.1020999550819397,"y":-0.024769697338342668,"z":0.0025428023654967548,"w":-0.9944649934768677},"size":25.833776473999025,"orthographic":false}